2025-12-01_17-07-00,0,draft.py:2025-12-01_17-07-00
2025-12-03_09-28-39,0,draft.py:2025-12-03_09-28-39
2025-12-03_10-06-02,0,draft.py:2025-12-03_10-06-02
2025-12-03_10-06-19,0,draft.py:2025-12-03_10-06-19
2025-12-03_10-07-22,0,draft.py:2025-12-03_10-07-22
2025-12-03_10-07-36,---,draft.py:2025-12-03_10-07-22
2025-12-03_10-09-29,0,draft.py:2025-12-03_10-07-22
2025-12-03_10-09-30,0,draft.py:2025-12-03_10-07-22
2025-12-03_10-09-31,0,draft.py:2025-12-03_10-07-22
2025-12-03_10-16-45,0,draft.py:2025-12-03_10-16-45
2025-12-03_10-17-47,0,draft.py:2025-12-03_10-17-47
2025-12-03_19-14-14,0,draft.py:2025-12-03_10-17-47
